"Champion","Pos","GP","P%","B%","P+B%","W%","CTR%","K","D","A","KDA","KP","DTH%","FB%","GD10","XPD10","CSD10","CSPM","CS%P15","DPM","DMG%","GOLD%","WPM","WCPM"
"Aatrox","Jungle",3,"16.7%","11.1%","27.8%","33%","67%",7,13,21,2.2,"59.6%","22.4%","67%",444,369,14,7.9,"25.4%",521,"17.8%","21.7%",0.37,0.33
"Ahri","Middle",1,"5.6%","5.6%","11.1%","0%","0%",5,1,5,10,"71.4%","5.0%","0%",38,557,1,8,"21.0%",629,"30.1%","21.0%",0.56,0.26
"Akali","ADC",1,"5.6%","44.4%","66.7%","100%","100%",10,0,7,17,"45.9%","0.0%","0%",-1374,115,-12,8.9,"26.4%",841,"20.9%","25.1%",0.28,0.23
"Akali","Middle",3,"16.7%","44.4%","66.7%","67%","100%",17,13,9,2,"60.5%","28.9%","33%",-360,7,-8.7,8.1,"21.8%",593,"22.0%","21.3%",0.29,0.19
"Alistar","Support",4,"22.2%","5.6%","27.8%","75%","100%",1,16,60,3.8,"71.8%","29.1%","25%",-248,-66,-0.5,0.9,"2.2%",190,"5.7%","9.8%",1.95,0.44
"Ambessa","Top",4,"22.2%","0.0%","22.2%","50%","25%",11,11,14,2.3,"59.5%","17.5%","0%",-52,-153,-4.3,8.8,"25.9%",692,"24.7%","22.3%",0.35,0.2
"Anivia","Middle",2,"11.1%","22.2%","33.3%","0%","100%",5,9,2,0.8,"70.0%","20.5%","0%",-840,-255,-10,8.5,"23.7%",569,"22.7%","23.9%",0.48,0.19
"Bard","Support",2,"11.1%","11.1%","22.2%","100%","0%",1,2,29,15,"83.3%","18.2%","100%",267,-138,-3,0.9,"2.2%",241,"7.0%","9.9%",2,0.47
"Caitlyn","ADC",2,"11.1%","0.0%","11.1%","100%","50%",10,1,11,21,"67.7%","16.7%","0%",466,270,11.5,10.2,"28.9%",760,"27.9%","27.6%",0.49,0.28
"Camille","Support",3,"16.7%","44.4%","61.1%","33%","0%",4,13,14,1.4,"62.1%","27.7%","67%",469,7,-3.3,1.1,"2.5%",267,"11.2%","11.1%",1.94,0.6
"Cassiopeia","ADC",1,"5.6%","38.9%","66.7%","0%","0%",3,4,1,1,"50.0%","21.1%","100%",563,226,1,9.1,"25.2%",331,"14.7%","25.3%",0.36,0.26
"Cassiopeia","Middle",4,"22.2%","38.9%","66.7%","100%","25%",19,2,38,28.5,"83.8%","9.1%","75%",479,258,10.8,8.9,"22.5%",564,"23.3%","20.7%",0.44,0.3
"Corki","ADC",3,"16.7%","0.0%","16.7%","67%","0%",10,2,15,12.5,"62.5%","6.7%","0%",-11,-662,-5,9.7,"29.7%",602,"25.7%","25.8%",0.43,0.29
"Dr. Mundo","Top",1,"5.6%","0.0%","5.6%","100%","100%",4,0,5,9,"47.4%","0.0%","0%",-118,152,3,10.8,"29.3%",1149,"37.3%","24.1%",0.23,0.26
"Ezreal","ADC",7,"38.9%","27.8%","66.7%","57%","14%",32,12,35,5.6,"62.0%","13.5%","0%",159,385,10.1,9.5,"28.5%",839,"31.8%","27.6%",0.46,0.2
"Galio","Middle",2,"11.1%","11.1%","27.8%","100%","100%",9,1,12,21,"70.0%","9.1%","50%",241,129,-4.5,9.5,"27.9%",477,"17.4%","22.0%",0.54,0.15
"Galio","Top",1,"5.6%","11.1%","27.8%","0%","100%",0,8,4,0.5,"50.0%","27.6%","0%",-134,27,9,7,"17.8%",435,"19.1%","15.6%",0.49,0.19
"Gnar","Top",4,"22.2%","22.2%","44.4%","50%","0%",11,10,17,2.8,"60.9%","23.8%","25%",-465,-319,-6.3,9,"27.8%",463,"22.1%","22.7%",0.48,0.29
"Graves","Jungle",1,"5.6%","0.0%","5.6%","0%","100%",2,6,4,1,"37.5%","17.1%","0%",-483,-195,1,5.6,"14.7%",398,"13.1%","15.7%",0.29,0.38
"Jarvan IV","Jungle",4,"22.2%","50.0%","72.2%","50%","25%",5,14,30,2.5,"81.4%","25.9%","0%",-442,-78,-3,6.9,"18.0%",309,"14.2%","18.8%",0.35,0.37
"Jayce","Top",6,"33.3%","27.8%","61.1%","67%","0%",23,18,40,3.5,"62.4%","26.5%","0%",448,168,14,9.6,"28.6%",737,"26.0%","22.8%",0.43,0.23
"Jhin","ADC",1,"5.6%","0.0%","5.6%","100%","100%",7,0,8,15,"57.7%","0.0%","100%",-311,-364,-7,9.8,"28.0%",821,"30.2%","26.1%",0.46,0.25
"K'Sante","Top",4,"22.2%","5.6%","27.8%","50%","75%",15,9,26,4.6,"63.1%","20.9%","0%",-123,-37,0,7.9,"21.4%",484,"18.1%","19.1%",0.32,0.16
"Kai'Sa","ADC",2,"11.1%","5.6%","16.7%","0%","100%",4,5,2,1.2,"54.5%","11.6%","0%",-589,-1234,-30.5,8.2,"29.3%",368,"20.6%","27.2%",0.36,0.25
"Karma","Support",2,"11.1%","0.0%","11.1%","50%","50%",2,2,10,6,"66.7%","10.5%","0%",-65,-40,-2,1.2,"2.9%",218,"10.9%","11.3%",1.97,0.51
"LeBlanc","-",0,"0%","11.1%","11.1%","-","-","-","-","-","-","-","-","-","-","-","-","-","-","-","-","-","-","-"
"Lee Sin","Jungle",5,"27.8%","27.8%","55.6%","40%","40%",9,16,23,2,"72.7%","28.6%","60%",192,-98,0.2,6.8,"18.6%",252,"13.2%","19.2%",0.65,0.35
"Leona","Support",8,"44.4%","5.6%","50.0%","50%","38%",4,35,63,1.9,"62.0%","26.3%","38%",-7,186,0.5,1.1,"2.5%",150,"6.2%","9.6%",1.81,0.6
"Lissandra","Middle",1,"5.6%","0.0%","5.6%","0%","0%",2,4,6,2,"50.0%","26.7%","0%",586,765,13,8,"18.4%",496,"19.1%","17.6%",0.71,0.12
"Locke","ADC",1,"5.6%","83.3%","94.4%","100%","0%",10,5,9,3.8,"54.3%","31.3%","100%",552,196,0,6.8,"20.0%",761,"23.4%","22.3%",0.17,0.12
"Locke","Middle",1,"5.6%","83.3%","94.4%","0%","0%",2,3,1,1,"75.0%","20.0%","100%",-161,39,-14,8.2,"25.1%",405,"22.8%","23.7%",0.3,0.23
"Lucian","ADC",2,"11.1%","16.7%","27.8%","0%","100%",2,3,1,1,"60.0%","13.0%","0%",-274,-77,-11.5,10.1,"29.6%",549,"27.5%","25.7%",0.42,0.26
"Maokai","Jungle",1,"5.6%","11.1%","22.2%","100%","100%",1,1,13,14,"77.8%","20.0%","100%",738,170,6,6.7,"18.1%",635,"17.4%","20.2%",0.33,0.24
"Maokai","Support",1,"5.6%","11.1%","22.2%","100%","100%",2,1,13,15,"75.0%","10.0%","0%",-175,256,-2,1.1,"1.5%",233,"8.6%","10.8%",1.73,0.5
"Mel","ADC",1,"5.6%","5.6%","11.1%","0%","100%",3,3,2,1.7,"50.0%","15.0%","0%",133,423,8,9.2,"25.0%",550,"22.2%","24.8%",0.41,0.28
"Milio","Support",1,"5.6%","0.0%","5.6%","0%","100%",0,1,0,0,"0.0%","7.7%","0%",-157,-94,5,1.3,"2.2%",87,"4.3%","8.8%",1.55,0.39
"Naafiri","Jungle",3,"16.7%","33.3%","50.0%","33%","100%",3,6,18,3.5,"91.3%","17.6%","0%",-433,-284,-8.7,7.3,"19.6%",545,"19.9%","20.6%",0.29,0.33
"Nautilus","Support",6,"33.3%","5.6%","38.9%","33%","50%",2,20,68,3.5,"70.0%","19.4%","33%",212,-24,0.5,1,"2.2%",159,"6.2%","9.4%",2.05,0.46
"Nocturne","Jungle",2,"11.1%","66.7%","77.8%","100%","50%",2,4,17,4.8,"63.3%","20.0%","50%",226,-74,-0.5,7.2,"22.1%",372,"11.8%","19.1%",0.27,0.25
"Olaf","Top",2,"11.1%","27.8%","38.9%","50%","100%",11,6,9,3.3,"66.7%","17.6%","100%",405,341,3,8.8,"26.0%",586,"25.1%","23.6%",0.29,0.16
"Orianna","Middle",6,"33.3%","33.3%","66.7%","67%","17%",24,10,44,6.8,"89.5%","19.6%","17%",91,-338,5.5,8.6,"22.6%",794,"26.7%","22.5%",0.45,0.19
"Ornn","Top",1,"5.6%","0.0%","5.6%","100%","100%",0,0,8,8,"61.5%","0.0%","0%",-338,-653,-12,8.6,"22.8%",343,"19.0%","16.5%",0.49,0.07
"Poppy","-",0,"0%","50.0%","50.0%","-","-","-","-","-","-","-","-","-","-","-","-","-","-","-","-","-","-","-"
"Qiyana","Jungle",2,"11.1%","5.6%","16.7%","50%","100%",8,6,19,4.5,"75.0%","25.0%","50%",517,161,-2.5,8.4,"26.1%",689,"26.6%","27.4%",0.34,0.23
"Rakan","-",0,"0%","11.1%","11.1%","-","-","-","-","-","-","-","-","-","-","-","-","-","-","-","-","-","-","-"
"Rell","Support",2,"11.1%","0.0%","11.1%","50%","100%",0,2,14,7,"77.8%","15.4%","0%",40,-363,-3,1.1,"1.9%",74,"3.3%","8.9%",2.11,0.45
"Renekton","Top",1,"5.6%","16.7%","22.2%","0%","100%",4,7,3,1,"53.8%","18.9%","0%",-402,33,-17,7,"24.4%",435,"13.7%","21.0%",0.49,0.28
"Rumble","Top",3,"16.7%","5.6%","22.2%","67%","33%",7,2,20,13.5,"67.5%","8.0%","33%",102,259,-4.7,7.8,"21.2%",595,"25.0%","22.4%",0.51,0.08
"Ryze","Middle",4,"22.2%","16.7%","38.9%","0%","0%",10,24,20,1.3,"68.2%","21.8%","25%",-78,-198,-2.8,8.3,"25.7%",690,"25.7%","21.4%",0.37,0.22
"Shen","Support",7,"38.9%","11.1%","50.0%","43%","43%",9,19,43,2.7,"69.3%","21.8%","14%",-255,-27,2.6,1.3,"2.5%",159,"6.4%","10.4%",2.03,0.49
"Sion","Top",2,"11.1%","16.7%","27.8%","0%","50%",6,5,3,1.8,"47.4%","13.5%","0%",-157,-185,-9,8.4,"25.0%",691,"30.5%","22.0%",0.55,0.11
"Sivir","-",0,"0%","27.8%","27.8%","-","-","-","-","-","-","-","-","-","-","-","-","-","-","-","-","-","-","-"
"Skarner","-",0,"0%","5.6%","5.6%","-","-","-","-","-","-","-","-","-","-","-","-","-","-","-","-","-","-","-"
"Sylas","ADC",1,"5.6%","16.7%","33.3%","0%","100%",0,3,1,0.3,"25.0%","20.0%","0%",165,1009,1,8.2,"27.4%",335,"18.8%","21.1%",0.26,0.08
"Sylas","Middle",2,"11.1%","16.7%","33.3%","50%","100%",4,5,3,1.4,"43.8%","26.3%","50%",29,558,0,8.7,"26.4%",448,"23.2%","21.1%",0.4,0.13
"Syndra","ADC",3,"16.7%","0.0%","44.4%","67%","33%",14,6,14,4.7,"62.2%","17.6%","33%",273,215,9,9.9,"27.9%",582,"25.4%","26.2%",0.48,0.16
"Syndra","Middle",5,"27.8%","0.0%","44.4%","0%","40%",7,20,17,1.2,"70.6%","23.5%","40%",67,13,-0.6,9,"25.5%",543,"29.4%","22.3%",0.47,0.19
"Taliyah","Middle",4,"22.2%","0.0%","22.2%","100%","100%",26,12,53,6.6,"65.3%","23.5%","0%",-218,-119,0.3,8.5,"24.5%",831,"25.9%","21.0%",0.44,0.15
"Tristana","Top",2,"11.1%","0.0%","11.1%","50%","100%",3,3,8,3.7,"61.1%","16.7%","50%",289,393,8,9.2,"27.4%",535,"26.2%","23.1%",0.53,0.32
"Trundle","Jungle",3,"16.7%","11.1%","27.8%","67%","33%",8,5,32,8,"67.8%","12.2%","0%",-147,79,-1.7,6.6,"18.4%",405,"16.5%","20.2%",0.27,0.58
"Twisted Fate","Top",1,"5.6%","0.0%","5.6%","100%","100%",5,2,7,6,"85.7%","25.0%","0%",937,616,17,9.5,"26.3%",551,"29.4%","27.0%",0.44,0.22
"Varus","Top",1,"5.6%","0.0%","5.6%","100%","0%",13,6,14,4.5,"73.0%","46.2%","0%",402,-33,17,8.7,"26.3%",963,"23.9%","23.1%",0.38,0.41
"Vayne","Top",2,"11.1%","38.9%","50.0%","0%","100%",5,11,6,1,"50.0%","23.4%","0%",-914,-626,-21,7.1,"21.1%",542,"21.8%","19.1%",0.54,0.18
"Vel'Koz","ADC",1,"5.6%","0.0%","5.6%","100%","100%",3,0,7,10,"58.8%","0.0%","0%",96,-23,-5,9.2,"25.2%",625,"20.2%","24.1%",0.43,0.19
"Vi","Jungle",5,"27.8%","38.9%","66.7%","80%","20%",25,10,53,7.8,"72.2%","17.5%","20%",152,204,4.4,7.3,"20.7%",481,"15.9%","21.2%",0.35,0.6
"Viktor","ADC",4,"22.2%","5.6%","33.3%","50%","75%",8,11,15,2.1,"46.9%","19.3%","0%",-156,188,1.8,9.1,"25.1%",612,"25.3%","23.5%",0.42,0.17
"Viktor","Middle",1,"5.6%","5.6%","33.3%","100%","100%",6,0,5,11,"78.6%","0.0%","0%",152,-50,-8,10.6,"31.4%",850,"35.4%","25.8%",0.41,0.15
"Wukong","Jungle",6,"33.3%","0.0%","33.3%","33%","33%",11,22,25,1.6,"57.1%","24.7%","33%",-170,-62,-2.5,7,"19.9%",405,"16.5%","19.8%",0.31,0.43
"Xayah","-",0,"0%","5.6%","5.6%","-","-","-","-","-","-","-","-","-","-","-","-","-","-","-","-","-","-","-"
"Xerath","ADC",1,"5.6%","0.0%","5.6%","0%","100%",0,0,2,2,"33.3%","0.0%","0%",-361,-645,-14,9.6,"34.4%",1013,"34.4%","23.6%",0.29,0.03
"Xin Zhao","Jungle",1,"5.6%","5.6%","11.1%","0%","100%",0,3,2,0.7,"66.7%","16.7%","0%",-260,-492,-8,6.6,"22.8%",279,"13.6%","20.1%",0.19,0.23
"Yasuo","-",0,"0%","5.6%","5.6%","-","-","-","-","-","-","-","-","-","-","-","-","-","-","-","-","-","-","-"
"Yorick","Top",1,"5.6%","16.7%","22.2%","0%","100%",2,3,1,1,"100.0%","16.7%","0%",-31,263,-7,7.3,"19.7%",783,"38.0%","25.5%",0.43,0.19
"Ziggs","ADC",5,"27.8%","22.2%","50.0%","40%","40%",12,14,27,2.8,"67.2%","13.9%","0%",11,-193,-0.2,9.7,"30.4%",908,"34.8%","27.7%",0.46,0.14
"Zoe","-",0,"0%","5.6%","5.6%","-","-","-","-","-","-","-","-","-","-","-","-","-","-","-","-","-","-","-"